USE seuoj;

SET FOREIGN_KEY_CHECKS = 0;

-- 57 条提交记录
INSERT INTO `submission` (id, submission_no, user_id, problem_id, language, assignment_id, status, verdict, score, submit_time, finish_time, is_del)
VALUES
       (1, '00000000-0000-0000-0000-000000000001', 5, 1, 'Cpp', NULL, 'Finished', 'Accepted', 100, '2026-03-01 09:10:00', '2026-03-01 09:10:10', 0),
       (2, '00000000-0000-0000-0000-000000000002', 6, 1, 'Java17', NULL, 'Finished', 'Accepted', 100, '2026-03-01 09:17:00', '2026-03-01 09:17:07', 0),
       (3, '00000000-0000-0000-0000-000000000003', 7, 1, 'Python3_12', NULL, 'Finished', 'Accepted', 100, '2026-03-01 09:24:00', '2026-03-01 09:24:04', 0),
       (4, '00000000-0000-0000-0000-000000000004', 8, 1, 'C', NULL, 'Finished', 'Accepted', 100, '2026-03-01 09:31:00', '2026-03-01 09:31:11', 0),
       (5, '00000000-0000-0000-0000-000000000005', 9, 1, 'Cpp', NULL, 'Finished', 'Accepted', 100, '2026-03-01 09:38:00', '2026-03-01 09:38:08', 0),
       (6, '00000000-0000-0000-0000-000000000006', 10, 1, 'Cpp', NULL, 'Finished', 'Accepted', 100, '2026-03-01 09:45:00', '2026-03-01 09:45:05', 0),
       (7, '00000000-0000-0000-0000-000000000007', 5, 1, 'Cpp', 4, 'Finished', 'Accepted', 100, '2026-02-08 14:17:00', '2026-02-08 14:17:12', 0),
       (8, '00000000-0000-0000-0000-000000000008', 6, 1, 'Java17', 4, 'Finished', 'WrongAnswer', 0, '2026-02-09 14:28:00', '2026-02-09 14:28:09', 0),
       (9, '00000000-0000-0000-0000-000000000009', 9, 1, 'Cpp17', NULL, 'Finished', 'Accepted', 100, '2026-04-24 17:57:00', '2026-04-24 17:57:06', 0),
       (10, '00000000-0000-0000-0000-000000000010', 10, 1, 'C', NULL, 'Finished', 'WrongAnswer', 0, '2026-04-25 08:10:00', '2026-04-25 08:10:03', 0),
       (11, '00000000-0000-0000-0000-000000000011', 5, 2, 'Cpp', NULL, 'Finished', 'WrongAnswer', 0, '2026-03-01 10:20:00', '2026-03-01 10:20:10', 0),
       (12, '00000000-0000-0000-0000-000000000012', 5, 2, 'Cpp', NULL, 'Finished', 'Accepted', 100, '2026-03-01 10:27:00', '2026-03-01 10:27:07', 0),
       (13, '00000000-0000-0000-0000-000000000013', 6, 2, 'Java17', NULL, 'Finished', 'TimeLimitExceeded', 50, '2026-03-01 10:34:00', '2026-03-01 10:34:04', 0),
       (14, '00000000-0000-0000-0000-000000000014', 7, 2, 'Python3_12', NULL, 'Finished', 'Accepted', 100, '2026-04-15 12:02:00', '2026-04-15 12:02:11', 0),
       (15, '00000000-0000-0000-0000-000000000015', 8, 2, 'C', NULL, 'Finished', 'Accepted', 100, '2026-04-16 13:15:00', '2026-04-16 13:15:08', 0),
       (16, '00000000-0000-0000-0000-000000000016', 9, 2, 'Cpp', NULL, 'Finished', 'Accepted', 100, '2026-04-17 14:28:00', '2026-04-17 14:28:05', 0),
       (17, '00000000-0000-0000-0000-000000000017', 7, 3, 'Python3_12', NULL, 'Finished', 'RuntimeError', 50, '2026-03-01 11:02:00', '2026-03-01 11:02:12', 0),
       (18, '00000000-0000-0000-0000-000000000018', 5, 3, 'Cpp', 1, 'Finished', 'Accepted', 100, '2026-03-13 11:06:00', '2026-03-13 11:06:09', 0),
       (19, '00000000-0000-0000-0000-000000000019', 6, 3, 'Java17', 1, 'Finished', 'Accepted', 100, '2026-03-14 12:13:00', '2026-03-14 12:13:06', 0),
       (20, '00000000-0000-0000-0000-000000000020', 9, 3, 'Cpp', NULL, 'Finished', 'Accepted', 100, '2026-04-21 08:20:00', '2026-04-21 08:20:03', 0),
       (21, '00000000-0000-0000-0000-000000000021', 10, 3, 'C', NULL, 'Finished', 'WrongAnswer', 70, '2026-04-22 09:33:00', '2026-04-22 09:33:10', 0),
       (22, '00000000-0000-0000-0000-000000000022', 5, 4, 'Cpp', NULL, 'Finished', 'Accepted', 100, '2026-04-01 09:10:00', '2026-04-01 09:10:07', 0),
       (23, '00000000-0000-0000-0000-000000000023', 6, 4, 'Java17', NULL, 'Finished', 'WrongAnswer', 0, '2026-04-01 09:18:00', '2026-04-01 09:18:04', 0),
       (24, '00000000-0000-0000-0000-000000000024', 7, 4, 'Cpp', NULL, 'Finished', 'Accepted', 100, '2026-04-01 09:26:00', '2026-04-01 09:26:11', 0),
       (25, '00000000-0000-0000-0000-000000000025', 8, 4, 'C', NULL, 'Finished', 'TimeLimitExceeded', 20, '2026-04-26 13:25:00', '2026-04-26 13:25:08', 0),
       (26, '00000000-0000-0000-0000-000000000026', 5, 5, 'Cpp', NULL, 'Finished', 'Accepted', 100, '2026-04-01 09:42:00', '2026-04-01 09:42:05', 0),
       (27, '00000000-0000-0000-0000-000000000027', 8, 5, 'C', NULL, 'Finished', 'WrongAnswer', 10, '2026-04-01 09:50:00', '2026-04-01 09:50:12', 0),
       (28, '00000000-0000-0000-0000-000000000028', 7, 5, 'Python3_12', 1, 'Finished', 'RuntimeError', 20, '2026-03-13 13:16:00', '2026-03-13 13:16:09', 0),
       (29, '00000000-0000-0000-0000-000000000029', 5, 6, 'Cpp', NULL, 'Finished', 'Accepted', 100, '2026-04-01 10:06:00', '2026-04-01 10:06:06', 0),
       (30, '00000000-0000-0000-0000-000000000030', 6, 6, 'Java17', NULL, 'Finished', 'Accepted', 100, '2026-04-01 10:14:00', '2026-04-01 10:14:03', 0),
       (31, '00000000-0000-0000-0000-000000000031', 7, 6, 'Cpp17', NULL, 'Finished', 'Accepted', 100, '2026-04-01 10:22:00', '2026-04-01 10:22:10', 0),
       (32, '00000000-0000-0000-0000-000000000032', 8, 6, 'C', 1, 'Finished', 'Accepted', 100, '2026-03-12 09:44:00', '2026-03-12 09:44:07', 0),
       (33, '00000000-0000-0000-0000-000000000033', 9, 6, 'Cpp', 1, 'Finished', 'Accepted', 100, '2026-03-13 10:51:00', '2026-03-13 10:51:04', 0),
       (34, '00000000-0000-0000-0000-000000000034', 10, 6, 'Python3_12', 1, 'Finished', 'WrongAnswer', 60, '2026-03-14 11:58:00', '2026-03-14 11:58:11', 0),
       (35, '00000000-0000-0000-0000-000000000035', 5, 6, 'Cpp', NULL, 'Finished', 'Accepted', 100, '2026-04-22 13:35:00', '2026-04-22 13:35:08', 0),
       (36, '00000000-0000-0000-0000-000000000036', 9, 6, 'Cpp', NULL, 'Finished', 'MemoryLimitExceeded', 80, '2026-04-23 14:48:00', '2026-04-23 14:48:05', 0),
       (37, '00000000-0000-0000-0000-000000000037', 6, 7, 'Java17', NULL, 'Finished', 'WrongAnswer', 80, '2026-04-01 11:10:00', '2026-04-01 11:10:12', 0),
       (38, '00000000-0000-0000-0000-000000000038', 8, 7, 'C', NULL, 'Finished', 'Accepted', 100, '2026-04-01 11:18:00', '2026-04-01 11:18:09', 0),
       (39, '00000000-0000-0000-0000-000000000039', 5, 7, 'Cpp', 2, 'Finished', 'Accepted', 100, '2026-03-19 13:33:00', '2026-03-19 13:33:06', 0),
       (40, '00000000-0000-0000-0000-000000000040', 5, 8, 'Cpp', 2, 'Finished', 'Accepted', 100, '2026-03-15 14:40:00', '2026-03-15 14:40:03', 0),
       (41, '00000000-0000-0000-0000-000000000041', 6, 8, 'Java17', 2, 'Finished', 'TimeLimitExceeded', 70, '2026-03-16 15:47:00', '2026-03-16 15:47:10', 0),
       (42, '00000000-0000-0000-0000-000000000042', 7, 8, 'Cpp17', NULL, 'Finished', 'Accepted', 100, '2026-04-15 10:06:00', '2026-04-15 10:06:07', 0),
       (43, '00000000-0000-0000-0000-000000000043', 8, 8, 'C', NULL, 'Finished', 'WrongAnswer', 20, '2026-04-16 11:19:00', '2026-04-16 11:19:04', 0),
       (44, '00000000-0000-0000-0000-000000000044', 7, 9, 'Cpp', 2, 'Finished', 'Accepted', 100, '2026-03-19 12:08:00', '2026-03-19 12:08:11', 0),
       (45, '00000000-0000-0000-0000-000000000045', 8, 9, 'C', NULL, 'Finished', 'RuntimeError', 70, '2026-04-18 13:45:00', '2026-04-18 13:45:08', 0),
       (46, '00000000-0000-0000-0000-000000000046', 5, 10, 'Cpp', NULL, 'Finished', 'Accepted', 100, '2026-04-19 14:58:00', '2026-04-19 14:58:05', 0),
       (47, '00000000-0000-0000-0000-000000000047', 6, 10, 'Java17', NULL, 'Finished', 'WrongAnswer', 90, '2026-04-20 15:11:00', '2026-04-20 15:11:12', 0),
       (48, '00000000-0000-0000-0000-000000000048', 7, 10, 'Python3_12', NULL, 'Finished', 'TimeLimitExceeded', 40, '2026-04-21 16:24:00', '2026-04-21 16:24:09', 0),
       (49, '00000000-0000-0000-0000-000000000049', 5, 11, 'Cpp', NULL, 'Finished', 'Accepted', 100, '2026-04-22 17:37:00', '2026-04-22 17:37:06', 0),
       (50, '00000000-0000-0000-0000-000000000050', 6, 11, 'Java17', NULL, 'Finished', 'WrongAnswer', 20, '2026-04-23 08:50:00', '2026-04-23 08:50:03', 0),
       (51, '00000000-0000-0000-0000-000000000051', 7, 11, 'Cpp17', NULL, 'Finished', 'Accepted', 100, '2026-04-24 09:03:00', '2026-04-24 09:03:10', 0),
       (52, '00000000-0000-0000-0000-000000000052', 8, 11, 'C', NULL, 'Finished', 'RuntimeError', 60, '2026-04-25 10:16:00', '2026-04-25 10:16:07', 0),
       (53, '00000000-0000-0000-0000-000000000053', 9, 11, 'Cpp', NULL, 'Finished', 'MemoryLimitExceeded', 10, '2026-04-26 11:29:00', '2026-04-26 11:29:04', 0),
       (54, '00000000-0000-0000-0000-000000000054', 6, 12, 'Java17', NULL, 'Finished', 'WrongAnswer', 70, '2026-04-27 12:42:00', '2026-04-27 12:42:11', 0),
       (55, '00000000-0000-0000-0000-000000000055', 7, 12, 'Cpp', NULL, 'Finished', 'Accepted', 100, '2026-04-28 13:55:00', '2026-04-28 13:55:08', 0),
       (56, '00000000-0000-0000-0000-000000000056', 8, 12, 'C', NULL, 'Finished', 'TimeLimitExceeded', 30, '2026-04-15 14:08:00', '2026-04-15 14:08:05', 0),
       (57, '00000000-0000-0000-0000-000000000057', 10, 12, 'Python3_12', NULL, 'Finished', 'WrongAnswer', 0, '2026-04-16 15:21:00', '2026-04-16 15:21:12', 0);

-- 57 条提交详情
INSERT INTO `submission_detail` (submission_id, result_detail, subtasks, error_detail)
VALUES
       (1, '[{"id": 1, "in": "(test 1 input)", "out": "(output)", "ans": "(output)", "sys": "ok", "time": 104, "mem": 31385341, "type": "Accepted", "score": 100}]', NULL, NULL),
       (2, '[{"id": 1, "in": "(test 1 input)", "out": "(output)", "ans": "(output)", "sys": "ok", "time": 154, "mem": 24361878, "type": "Accepted", "score": 100}]', NULL, NULL),
       (3, '[{"id": 1, "in": "(test 1 input)", "out": "(output)", "ans": "(output)", "sys": "ok", "time": 10, "mem": 29771156, "type": "Accepted", "score": 100}]', NULL, NULL),
       (4, '[{"id": 1, "in": "(test 1 input)", "out": "(output)", "ans": "(output)", "sys": "ok", "time": 200, "mem": 20340962, "type": "Accepted", "score": 100}]', NULL, NULL),
       (5, '[{"id": 1, "in": "(test 1 input)", "out": "(output)", "ans": "(output)", "sys": "ok", "time": 102, "mem": 17028784, "type": "Accepted", "score": 100}]', NULL, NULL),
       (6, '[{"id": 1, "in": "(test 1 input)", "out": "(output)", "ans": "(output)", "sys": "ok", "time": 6, "mem": 12827066, "type": "Accepted", "score": 100}]', NULL, NULL),
       (7, '[{"id": 1, "in": "(test 1 input)", "out": "(output)", "ans": "(output)", "sys": "ok", "time": 81, "mem": 26306429, "type": "Accepted", "score": 100}]', NULL, NULL),
       (8, '[{"id": 1, "in": "(test 1 input)", "out": "(wrong)", "ans": "(expected)", "sys": "wrong answer: expected \'5\', got \'3\'", "time": 117, "mem": 19083685, "type": "WrongAnswer", "score": 0}]', NULL, NULL),
       (9, '[{"id": 1, "in": "(test 1 input)", "out": "(output)", "ans": "(output)", "sys": "ok", "time": 196, "mem": 25674228, "type": "Accepted", "score": 100}]', NULL, NULL),
       (10, '[{"id": 1, "in": "(test 1 input)", "out": "(wrong)", "ans": "(expected)", "sys": "wrong answer: expected \'5\', got \'3\'", "time": 134, "mem": 8386568, "type": "WrongAnswer", "score": 0}]', NULL, NULL),
       (11, '[{"id": 1, "in": "(test 1 input)", "out": "(output)", "ans": "(output)", "sys": "ok", "time": 116, "mem": 17319441, "type": "Accepted", "score": 50}, {"id": 2, "in": "(test 2 input)", "out": "(wrong)", "ans": "(expected)", "sys": "wrong answer: expected \'5\', got \'3\'", "time": 17, "mem": 14071882, "type": "WrongAnswer", "score": 0}]', NULL, NULL),
       (12, '[{"id": 1, "in": "(test 1 input)", "out": "(output)", "ans": "(output)", "sys": "ok", "time": 91, "mem": 23467674, "type": "Accepted", "score": 50}, {"id": 2, "in": "(test 2 input)", "out": "(output)", "ans": "(output)", "sys": "ok", "time": 178, "mem": 27805212, "type": "Accepted", "score": 50}]', NULL, NULL),
       (13, '[{"id": 1, "in": "(test 1 input)", "out": "(output)", "ans": "(output)", "sys": "ok", "time": 47, "mem": 16707010, "type": "Accepted", "score": 50}, {"id": 2, "in": "(test 2 input)", "out": "", "ans": "(expected)", "sys": "time limit exceeded", "time": 1000, "mem": 5306478, "type": "TimeLimitExceeded", "score": 0}]', NULL, NULL),
       (14, '[{"id": 1, "in": "(test 1 input)", "out": "(output)", "ans": "(output)", "sys": "ok", "time": 164, "mem": 18946215, "type": "Accepted", "score": 50}, {"id": 2, "in": "(test 2 input)", "out": "(output)", "ans": "(output)", "sys": "ok", "time": 11, "mem": 31455482, "type": "Accepted", "score": 50}]', NULL, NULL),
       (15, '[{"id": 1, "in": "(test 1 input)", "out": "(output)", "ans": "(output)", "sys": "ok", "time": 105, "mem": 20884625, "type": "Accepted", "score": 50}, {"id": 2, "in": "(test 2 input)", "out": "(output)", "ans": "(output)", "sys": "ok", "time": 149, "mem": 23270580, "type": "Accepted", "score": 50}]', NULL, NULL),
       (16, '[{"id": 1, "in": "(test 1 input)", "out": "(output)", "ans": "(output)", "sys": "ok", "time": 11, "mem": 3840809, "type": "Accepted", "score": 50}, {"id": 2, "in": "(test 2 input)", "out": "(output)", "ans": "(output)", "sys": "ok", "time": 169, "mem": 15405858, "type": "Accepted", "score": 50}]', NULL, NULL),
       (17, '[{"id": 1, "in": "(test 1 input)", "out": "(output)", "ans": "(output)", "sys": "ok", "time": 123, "mem": 7121814, "type": "Accepted", "score": 10}, {"id": 2, "in": "(test 2 input)", "out": "(output)", "ans": "(output)", "sys": "ok", "time": 17, "mem": 9753397, "type": "Accepted", "score": 10}, {"id": 3, "in": "(test 3 input)", "out": "", "ans": "(expected)", "sys": "runtime error: segmentation fault", "time": 25, "mem": 6516066, "type": "RuntimeError", "score": 0}, {"id": 4, "in": "(test 4 input)", "out": "", "ans": "", "sys": "skipped", "time": 0, "mem": 0, "type": "Skipped", "score": 0}, {"id": 5, "in": "(test 5 input)", "out": "", "ans": "", "sys": "skipped", "time": 0, "mem": 0, "type": "Skipped", "score": 0}, {"id": 6, "in": "(test 6 input)", "out": "", "ans": "", "sys": "skipped", "time": 0, "mem": 0, "type": "Skipped", "score": 0}, {"id": 7, "in": "(test 7 input)", "out": "", "ans": "", "sys": "skipped", "time": 0, "mem": 0, "type": "Skipped", "score": 0}, {"id": 8, "in": "(test 8 input)", "out": "", "ans": "", "sys": "skipped", "time": 0, "mem": 0, "type": "Skipped", "score": 0}, {"id": 9, "in": "(test 9 input)", "out": "", "ans": "", "sys": "skipped", "time": 0, "mem": 0, "type": "Skipped", "score": 0}, {"id": 10, "in": "(test 10 input)", "out": "", "ans": "", "sys": "skipped", "time": 0, "mem": 0, "type": "Skipped", "score": 0}]', NULL, 'Segmentation fault (core dumped)'),
       (18, '[{"id": 1, "in": "(test 1 input)", "out": "(output)", "ans": "(output)", "sys": "ok", "time": 59, "mem": 16281177, "type": "Accepted", "score": 10}, {"id": 2, "in": "(test 2 input)", "out": "(output)", "ans": "(output)", "sys": "ok", "time": 88, "mem": 12348639, "type": "Accepted", "score": 10}, {"id": 3, "in": "(test 3 input)", "out": "(output)", "ans": "(output)", "sys": "ok", "time": 199, "mem": 30539820, "type": "Accepted", "score": 10}, {"id": 4, "in": "(test 4 input)", "out": "(output)", "ans": "(output)", "sys": "ok", "time": 102, "mem": 10360742, "type": "Accepted", "score": 10}, {"id": 5, "in": "(test 5 input)", "out": "(output)", "ans": "(output)", "sys": "ok", "time": 197, "mem": 28938746, "type": "Accepted", "score": 10}, {"id": 6, "in": "(test 6 input)", "out": "(output)", "ans": "(output)", "sys": "ok", "time": 112, "mem": 9488827, "type": "Accepted", "score": 10}, {"id": 7, "in": "(test 7 input)", "out": "(output)", "ans": "(output)", "sys": "ok", "time": 25, "mem": 16804878, "type": "Accepted", "score": 10}, {"id": 8, "in": "(test 8 input)", "out": "(output)", "ans": "(output)", "sys": "ok", "time": 9, "mem": 26157083, "type": "Accepted", "score": 10}, {"id": 9, "in": "(test 9 input)", "out": "(output)", "ans": "(output)", "sys": "ok", "time": 143, "mem": 2771702, "type": "Accepted", "score": 10}, {"id": 10, "in": "(test 10 input)", "out": "(output)", "ans": "(output)", "sys": "ok", "time": 94, "mem": 8547647, "type": "Accepted", "score": 10}]', NULL, NULL),
       (19, '[{"id": 1, "in": "(test 1 input)", "out": "(output)", "ans": "(output)", "sys": "ok", "time": 171, "mem": 3326450, "type": "Accepted", "score": 10}, {"id": 2, "in": "(test 2 input)", "out": "(output)", "ans": "(output)", "sys": "ok", "time": 171, "mem": 2374838, "type": "Accepted", "score": 10}, {"id": 3, "in": "(test 3 input)", "out": "(output)", "ans": "(output)", "sys": "ok", "time": 198, "mem": 2065193, "type": "Accepted", "score": 10}, {"id": 4, "in": "(test 4 input)", "out": "(output)", "ans": "(output)", "sys": "ok", "time": 68, "mem": 7713434, "type": "Accepted", "score": 10}, {"id": 5, "in": "(test 5 input)", "out": "(output)", "ans": "(output)", "sys": "ok", "time": 10, "mem": 21872565, "type": "Accepted", "score": 10}, {"id": 6, "in": "(test 6 input)", "out": "(output)", "ans": "(output)", "sys": "ok", "time": 44, "mem": 9028240, "type": "Accepted", "score": 10}, {"id": 7, "in": "(test 7 input)", "out": "(output)", "ans": "(output)", "sys": "ok", "time": 37, "mem": 16914072, "type": "Accepted", "score": 10}, {"id": 8, "in": "(test 8 input)", "out": "(output)", "ans": "(output)", "sys": "ok", "time": 176, "mem": 4862272, "type": "Accepted", "score": 10}, {"id": 9, "in": "(test 9 input)", "out": "(output)", "ans": "(output)", "sys": "ok", "time": 149, "mem": 8337676, "type": "Accepted", "score": 10}, {"id": 10, "in": "(test 10 input)", "out": "(output)", "ans": "(output)", "sys": "ok", "time": 124, "mem": 24494149, "type": "Accepted", "score": 10}]', NULL, NULL),
       (20, '[{"id": 1, "in": "(test 1 input)", "out": "(output)", "ans": "(output)", "sys": "ok", "time": 70, "mem": 26756830, "type": "Accepted", "score": 10}, {"id": 2, "in": "(test 2 input)", "out": "(output)", "ans": "(output)", "sys": "ok", "time": 99, "mem": 6654069, "type": "Accepted", "score": 10}, {"id": 3, "in": "(test 3 input)", "out": "(output)", "ans": "(output)", "sys": "ok", "time": 160, "mem": 21399844, "type": "Accepted", "score": 10}, {"id": 4, "in": "(test 4 input)", "out": "(output)", "ans": "(output)", "sys": "ok", "time": 196, "mem": 25128068, "type": "Accepted", "score": 10}, {"id": 5, "in": "(test 5 input)", "out": "(output)", "ans": "(output)", "sys": "ok", "time": 34, "mem": 27122364, "type": "Accepted", "score": 10}, {"id": 6, "in": "(test 6 input)", "out": "(output)", "ans": "(output)", "sys": "ok", "time": 46, "mem": 11460734, "type": "Accepted", "score": 10}, {"id": 7, "in": "(test 7 input)", "out": "(output)", "ans": "(output)", "sys": "ok", "time": 32, "mem": 20441437, "type": "Accepted", "score": 10}, {"id": 8, "in": "(test 8 input)", "out": "(output)", "ans": "(output)", "sys": "ok", "time": 11, "mem": 11491548, "type": "Accepted", "score": 10}, {"id": 9, "in": "(test 9 input)", "out": "(output)", "ans": "(output)", "sys": "ok", "time": 152, "mem": 23752003, "type": "Accepted", "score": 10}, {"id": 10, "in": "(test 10 input)", "out": "(output)", "ans": "(output)", "sys": "ok", "time": 101, "mem": 14333514, "type": "Accepted", "score": 10}]', NULL, NULL),
       (21, '[{"id": 1, "in": "(test 1 input)", "out": "(output)", "ans": "(output)", "sys": "ok", "time": 24, "mem": 20891507, "type": "Accepted", "score": 10}, {"id": 2, "in": "(test 2 input)", "out": "(output)", "ans": "(output)", "sys": "ok", "time": 67, "mem": 4443240, "type": "Accepted", "score": 10}, {"id": 3, "in": "(test 3 input)", "out": "(output)", "ans": "(output)", "sys": "ok", "time": 82, "mem": 5085933, "type": "Accepted", "score": 10}, {"id": 4, "in": "(test 4 input)", "out": "(wrong)", "ans": "(expected)", "sys": "wrong answer: expected \'5\', got \'3\'", "time": 154, "mem": 2402051, "type": "WrongAnswer", "score": 0}, {"id": 5, "in": "(test 5 input)", "out": "", "ans": "", "sys": "skipped", "time": 0, "mem": 0, "type": "Skipped", "score": 0}, {"id": 6, "in": "(test 6 input)", "out": "", "ans": "", "sys": "skipped", "time": 0, "mem": 0, "type": "Skipped", "score": 0}, {"id": 7, "in": "(test 7 input)", "out": "", "ans": "", "sys": "skipped", "time": 0, "mem": 0, "type": "Skipped", "score": 0}, {"id": 8, "in": "(test 8 input)", "out": "", "ans": "", "sys": "skipped", "time": 0, "mem": 0, "type": "Skipped", "score": 0}, {"id": 9, "in": "(test 9 input)", "out": "", "ans": "", "sys": "skipped", "time": 0, "mem": 0, "type": "Skipped", "score": 0}, {"id": 10, "in": "(test 10 input)", "out": "", "ans": "", "sys": "skipped", "time": 0, "mem": 0, "type": "Skipped", "score": 0}]', NULL, NULL),
       (22, '[{"id": 1, "in": "(test 1 input)", "out": "(output)", "ans": "(output)", "sys": "ok", "time": 93, "mem": 18899964, "type": "Accepted", "score": 10}, {"id": 2, "in": "(test 2 input)", "out": "(output)", "ans": "(output)", "sys": "ok", "time": 114, "mem": 23220972, "type": "Accepted", "score": 10}, {"id": 3, "in": "(test 3 input)", "out": "(output)", "ans": "(output)", "sys": "ok", "time": 99, "mem": 3337804, "type": "Accepted", "score": 10}, {"id": 4, "in": "(test 4 input)", "out": "(output)", "ans": "(output)", "sys": "ok", "time": 134, "mem": 22751946, "type": "Accepted", "score": 10}, {"id": 5, "in": "(test 5 input)", "out": "(output)", "ans": "(output)", "sys": "ok", "time": 92, "mem": 1448535, "type": "Accepted", "score": 10}, {"id": 6, "in": "(test 6 input)", "out": "(output)", "ans": "(output)", "sys": "ok", "time": 112, "mem": 28616846, "type": "Accepted", "score": 10}, {"id": 7, "in": "(test 7 input)", "out": "(output)", "ans": "(output)", "sys": "ok", "time": 130, "mem": 4565296, "type": "Accepted", "score": 10}, {"id": 8, "in": "(test 8 input)", "out": "(output)", "ans": "(output)", "sys": "ok", "time": 115, "mem": 13177013, "type": "Accepted", "score": 10}, {"id": 9, "in": "(test 9 input)", "out": "(output)", "ans": "(output)", "sys": "ok", "time": 167, "mem": 30940293, "type": "Accepted", "score": 10}, {"id": 10, "in": "(test 10 input)", "out": "(output)", "ans": "(output)", "sys": "ok", "time": 122, "mem": 24757339, "type": "Accepted", "score": 10}]', NULL, NULL),
       (23, '[{"id": 1, "in": "(test 1 input)", "out": "(output)", "ans": "(output)", "sys": "ok", "time": 116, "mem": 6934175, "type": "Accepted", "score": 10}, {"id": 2, "in": "(test 2 input)", "out": "(output)", "ans": "(output)", "sys": "ok", "time": 138, "mem": 10086461, "type": "Accepted", "score": 10}, {"id": 3, "in": "(test 3 input)", "out": "(wrong)", "ans": "(expected)", "sys": "wrong answer: expected \'5\', got \'3\'", "time": 167, "mem": 19082086, "type": "WrongAnswer", "score": 0}, {"id": 4, "in": "(test 4 input)", "out": "", "ans": "", "sys": "skipped", "time": 0, "mem": 0, "type": "Skipped", "score": 0}, {"id": 5, "in": "(test 5 input)", "out": "", "ans": "", "sys": "skipped", "time": 0, "mem": 0, "type": "Skipped", "score": 0}, {"id": 6, "in": "(test 6 input)", "out": "", "ans": "", "sys": "skipped", "time": 0, "mem": 0, "type": "Skipped", "score": 0}, {"id": 7, "in": "(test 7 input)", "out": "", "ans": "", "sys": "skipped", "time": 0, "mem": 0, "type": "Skipped", "score": 0}, {"id": 8, "in": "(test 8 input)", "out": "", "ans": "", "sys": "skipped", "time": 0, "mem": 0, "type": "Skipped", "score": 0}, {"id": 9, "in": "(test 9 input)", "out": "", "ans": "", "sys": "skipped", "time": 0, "mem": 0, "type": "Skipped", "score": 0}, {"id": 10, "in": "(test 10 input)", "out": "", "ans": "", "sys": "skipped", "time": 0, "mem": 0, "type": "Skipped", "score": 0}]', NULL, NULL),
       (24, '[{"id": 1, "in": "(test 1 input)", "out": "(output)", "ans": "(output)", "sys": "ok", "time": 128, "mem": 16622575, "type": "Accepted", "score": 10}, {"id": 2, "in": "(test 2 input)", "out": "(output)", "ans": "(output)", "sys": "ok", "time": 116, "mem": 28731055, "type": "Accepted", "score": 10}, {"id": 3, "in": "(test 3 input)", "out": "(output)", "ans": "(output)", "sys": "ok", "time": 192, "mem": 20904149, "type": "Accepted", "score": 10}, {"id": 4, "in": "(test 4 input)", "out": "(output)", "ans": "(output)", "sys": "ok", "time": 73, "mem": 11838747, "type": "Accepted", "score": 10}, {"id": 5, "in": "(test 5 input)", "out": "(output)", "ans": "(output)", "sys": "ok", "time": 67, "mem": 28898707, "type": "Accepted", "score": 10}, {"id": 6, "in": "(test 6 input)", "out": "(output)", "ans": "(output)", "sys": "ok", "time": 27, "mem": 10383278, "type": "Accepted", "score": 10}, {"id": 7, "in": "(test 7 input)", "out": "(output)", "ans": "(output)", "sys": "ok", "time": 120, "mem": 9206699, "type": "Accepted", "score": 10}, {"id": 8, "in": "(test 8 input)", "out": "(output)", "ans": "(output)", "sys": "ok", "time": 197, "mem": 16617028, "type": "Accepted", "score": 10}, {"id": 9, "in": "(test 9 input)", "out": "(output)", "ans": "(output)", "sys": "ok", "time": 150, "mem": 21503333, "type": "Accepted", "score": 10}, {"id": 10, "in": "(test 10 input)", "out": "(output)", "ans": "(output)", "sys": "ok", "time": 176, "mem": 13740770, "type": "Accepted", "score": 10}]', NULL, NULL),
       (25, '[{"id": 1, "in": "(test 1 input)", "out": "(output)", "ans": "(output)", "sys": "ok", "time": 12, "mem": 17610173, "type": "Accepted", "score": 10}, {"id": 2, "in": "(test 2 input)", "out": "(output)", "ans": "(output)", "sys": "ok", "time": 88, "mem": 7125533, "type": "Accepted", "score": 10}, {"id": 3, "in": "(test 3 input)", "out": "(output)", "ans": "(output)", "sys": "ok", "time": 129, "mem": 8141561, "type": "Accepted", "score": 10}, {"id": 4, "in": "(test 4 input)", "out": "(output)", "ans": "(output)", "sys": "ok", "time": 95, "mem": 9692868, "type": "Accepted", "score": 10}, {"id": 5, "in": "(test 5 input)", "out": "(output)", "ans": "(output)", "sys": "ok", "time": 92, "mem": 10407781, "type": "Accepted", "score": 10}, {"id": 6, "in": "(test 6 input)", "out": "", "ans": "(expected)", "sys": "time limit exceeded", "time": 1000, "mem": 10294035, "type": "TimeLimitExceeded", "score": 0}, {"id": 7, "in": "(test 7 input)", "out": "", "ans": "", "sys": "skipped", "time": 0, "mem": 0, "type": "Skipped", "score": 0}, {"id": 8, "in": "(test 8 input)", "out": "", "ans": "", "sys": "skipped", "time": 0, "mem": 0, "type": "Skipped", "score": 0}, {"id": 9, "in": "(test 9 input)", "out": "", "ans": "", "sys": "skipped", "time": 0, "mem": 0, "type": "Skipped", "score": 0}, {"id": 10, "in": "(test 10 input)", "out": "", "ans": "", "sys": "skipped", "time": 0, "mem": 0, "type": "Skipped", "score": 0}]', NULL, NULL),
       (26, '[{"id": 1, "in": "(test 1 input)", "out": "(output)", "ans": "(output)", "sys": "ok", "time": 147, "mem": 1364614, "type": "Accepted", "score": 10}, {"id": 2, "in": "(test 2 input)", "out": "(output)", "ans": "(output)", "sys": "ok", "time": 137, "mem": 7434789, "type": "Accepted", "score": 10}, {"id": 3, "in": "(test 3 input)", "out": "(output)", "ans": "(output)", "sys": "ok", "time": 26, "mem": 9122565, "type": "Accepted", "score": 10}, {"id": 4, "in": "(test 4 input)", "out": "(output)", "ans": "(output)", "sys": "ok", "time": 189, "mem": 14661464, "type": "Accepted", "score": 10}, {"id": 5, "in": "(test 5 input)", "out": "(output)", "ans": "(output)", "sys": "ok", "time": 130, "mem": 19652622, "type": "Accepted", "score": 10}, {"id": 6, "in": "(test 6 input)", "out": "(output)", "ans": "(output)", "sys": "ok", "time": 199, "mem": 9087933, "type": "Accepted", "score": 10}, {"id": 7, "in": "(test 7 input)", "out": "(output)", "ans": "(output)", "sys": "ok", "time": 181, "mem": 16999033, "type": "Accepted", "score": 10}, {"id": 8, "in": "(test 8 input)", "out": "(output)", "ans": "(output)", "sys": "ok", "time": 170, "mem": 24909467, "type": "Accepted", "score": 10}, {"id": 9, "in": "(test 9 input)", "out": "(output)", "ans": "(output)", "sys": "ok", "time": 130, "mem": 16062242, "type": "Accepted", "score": 10}, {"id": 10, "in": "(test 10 input)", "out": "(output)", "ans": "(output)", "sys": "ok", "time": 9, "mem": 4146352, "type": "Accepted", "score": 10}]', NULL, NULL),
       (27, '[{"id": 1, "in": "(test 1 input)", "out": "(output)", "ans": "(output)", "sys": "ok", "time": 61, "mem": 14593450, "type": "Accepted", "score": 10}, {"id": 2, "in": "(test 2 input)", "out": "(output)", "ans": "(output)", "sys": "ok", "time": 67, "mem": 11298569, "type": "Accepted", "score": 10}, {"id": 3, "in": "(test 3 input)", "out": "(output)", "ans": "(output)", "sys": "ok", "time": 99, "mem": 16903986, "type": "Accepted", "score": 10}, {"id": 4, "in": "(test 4 input)", "out": "(output)", "ans": "(output)", "sys": "ok", "time": 146, "mem": 18838783, "type": "Accepted", "score": 10}, {"id": 5, "in": "(test 5 input)", "out": "(wrong)", "ans": "(expected)", "sys": "wrong answer: expected \'5\', got \'3\'", "time": 98, "mem": 15301538, "type": "WrongAnswer", "score": 0}, {"id": 6, "in": "(test 6 input)", "out": "", "ans": "", "sys": "skipped", "time": 0, "mem": 0, "type": "Skipped", "score": 0}, {"id": 7, "in": "(test 7 input)", "out": "", "ans": "", "sys": "skipped", "time": 0, "mem": 0, "type": "Skipped", "score": 0}, {"id": 8, "in": "(test 8 input)", "out": "", "ans": "", "sys": "skipped", "time": 0, "mem": 0, "type": "Skipped", "score": 0}, {"id": 9, "in": "(test 9 input)", "out": "", "ans": "", "sys": "skipped", "time": 0, "mem": 0, "type": "Skipped", "score": 0}, {"id": 10, "in": "(test 10 input)", "out": "", "ans": "", "sys": "skipped", "time": 0, "mem": 0, "type": "Skipped", "score": 0}]', NULL, NULL),
       (28, '[{"id": 1, "in": "(test 1 input)", "out": "(output)", "ans": "(output)", "sys": "ok", "time": 89, "mem": 12828802, "type": "Accepted", "score": 10}, {"id": 2, "in": "(test 2 input)", "out": "(output)", "ans": "(output)", "sys": "ok", "time": 121, "mem": 10114446, "type": "Accepted", "score": 10}, {"id": 3, "in": "(test 3 input)", "out": "(output)", "ans": "(output)", "sys": "ok", "time": 83, "mem": 9459707, "type": "Accepted", "score": 10}, {"id": 4, "in": "(test 4 input)", "out": "(output)", "ans": "(output)", "sys": "ok", "time": 64, "mem": 5072539, "type": "Accepted", "score": 10}, {"id": 5, "in": "(test 5 input)", "out": "(output)", "ans": "(output)", "sys": "ok", "time": 54, "mem": 11612032, "type": "Accepted", "score": 10}, {"id": 6, "in": "(test 6 input)", "out": "(output)", "ans": "(output)", "sys": "ok", "time": 35, "mem": 19004610, "type": "Accepted", "score": 10}, {"id": 7, "in": "(test 7 input)", "out": "(output)", "ans": "(output)", "sys": "ok", "time": 52, "mem": 7451048, "type": "Accepted", "score": 10}, {"id": 8, "in": "(test 8 input)", "out": "(output)", "ans": "(output)", "sys": "ok", "time": 60, "mem": 17271008, "type": "Accepted", "score": 10}, {"id": 9, "in": "(test 9 input)", "out": "", "ans": "(expected)", "sys": "runtime error: segmentation fault", "time": 18, "mem": 9825946, "type": "RuntimeError", "score": 0}, {"id": 10, "in": "(test 10 input)", "out": "", "ans": "", "sys": "skipped", "time": 0, "mem": 0, "type": "Skipped", "score": 0}]', NULL, 'Segmentation fault (core dumped)'),
       (29, '[{"id": 1, "in": "(test 1 input)", "out": "(output)", "ans": "(output)", "sys": "ok", "time": 157, "mem": 10519860, "type": "Accepted", "score": 10}, {"id": 2, "in": "(test 2 input)", "out": "(output)", "ans": "(output)", "sys": "ok", "time": 30, "mem": 28962371, "type": "Accepted", "score": 10}, {"id": 3, "in": "(test 3 input)", "out": "(output)", "ans": "(output)", "sys": "ok", "time": 54, "mem": 10964381, "type": "Accepted", "score": 10}, {"id": 4, "in": "(test 4 input)", "out": "(output)", "ans": "(output)", "sys": "ok", "time": 63, "mem": 13133159, "type": "Accepted", "score": 10}, {"id": 5, "in": "(test 5 input)", "out": "(output)", "ans": "(output)", "sys": "ok", "time": 50, "mem": 11166417, "type": "Accepted", "score": 10}, {"id": 6, "in": "(test 6 input)", "out": "(output)", "ans": "(output)", "sys": "ok", "time": 8, "mem": 24781158, "type": "Accepted", "score": 10}, {"id": 7, "in": "(test 7 input)", "out": "(output)", "ans": "(output)", "sys": "ok", "time": 141, "mem": 5271419, "type": "Accepted", "score": 10}, {"id": 8, "in": "(test 8 input)", "out": "(output)", "ans": "(output)", "sys": "ok", "time": 75, "mem": 2551253, "type": "Accepted", "score": 10}, {"id": 9, "in": "(test 9 input)", "out": "(output)", "ans": "(output)", "sys": "ok", "time": 18, "mem": 19591645, "type": "Accepted", "score": 10}, {"id": 10, "in": "(test 10 input)", "out": "(output)", "ans": "(output)", "sys": "ok", "time": 79, "mem": 24425444, "type": "Accepted", "score": 10}]', NULL, NULL),
       (30, '[{"id": 1, "in": "(test 1 input)", "out": "(output)", "ans": "(output)", "sys": "ok", "time": 37, "mem": 22427353, "type": "Accepted", "score": 10}, {"id": 2, "in": "(test 2 input)", "out": "(output)", "ans": "(output)", "sys": "ok", "time": 197, "mem": 17495155, "type": "Accepted", "score": 10}, {"id": 3, "in": "(test 3 input)", "out": "(output)", "ans": "(output)", "sys": "ok", "time": 31, "mem": 30307615, "type": "Accepted", "score": 10}, {"id": 4, "in": "(test 4 input)", "out": "(output)", "ans": "(output)", "sys": "ok", "time": 8, "mem": 20286398, "type": "Accepted", "score": 10}, {"id": 5, "in": "(test 5 input)", "out": "(output)", "ans": "(output)", "sys": "ok", "time": 77, "mem": 16774347, "type": "Accepted", "score": 10}, {"id": 6, "in": "(test 6 input)", "out": "(output)", "ans": "(output)", "sys": "ok", "time": 127, "mem": 15803680, "type": "Accepted", "score": 10}, {"id": 7, "in": "(test 7 input)", "out": "(output)", "ans": "(output)", "sys": "ok", "time": 92, "mem": 7210218, "type": "Accepted", "score": 10}, {"id": 8, "in": "(test 8 input)", "out": "(output)", "ans": "(output)", "sys": "ok", "time": 18, "mem": 9495768, "type": "Accepted", "score": 10}, {"id": 9, "in": "(test 9 input)", "out": "(output)", "ans": "(output)", "sys": "ok", "time": 127, "mem": 4852129, "type": "Accepted", "score": 10}, {"id": 10, "in": "(test 10 input)", "out": "(output)", "ans": "(output)", "sys": "ok", "time": 21, "mem": 14469510, "type": "Accepted", "score": 10}]', NULL, NULL),
       (31, '[{"id": 1, "in": "(test 1 input)", "out": "(output)", "ans": "(output)", "sys": "ok", "time": 130, "mem": 3509785, "type": "Accepted", "score": 10}, {"id": 2, "in": "(test 2 input)", "out": "(output)", "ans": "(output)", "sys": "ok", "time": 152, "mem": 22144693, "type": "Accepted", "score": 10}, {"id": 3, "in": "(test 3 input)", "out": "(output)", "ans": "(output)", "sys": "ok", "time": 180, "mem": 2822822, "type": "Accepted", "score": 10}, {"id": 4, "in": "(test 4 input)", "out": "(output)", "ans": "(output)", "sys": "ok", "time": 43, "mem": 6030240, "type": "Accepted", "score": 10}, {"id": 5, "in": "(test 5 input)", "out": "(output)", "ans": "(output)", "sys": "ok", "time": 149, "mem": 11219028, "type": "Accepted", "score": 10}, {"id": 6, "in": "(test 6 input)", "out": "(output)", "ans": "(output)", "sys": "ok", "time": 26, "mem": 9351906, "type": "Accepted", "score": 10}, {"id": 7, "in": "(test 7 input)", "out": "(output)", "ans": "(output)", "sys": "ok", "time": 35, "mem": 19749823, "type": "Accepted", "score": 10}, {"id": 8, "in": "(test 8 input)", "out": "(output)", "ans": "(output)", "sys": "ok", "time": 200, "mem": 14988482, "type": "Accepted", "score": 10}, {"id": 9, "in": "(test 9 input)", "out": "(output)", "ans": "(output)", "sys": "ok", "time": 160, "mem": 21026697, "type": "Accepted", "score": 10}, {"id": 10, "in": "(test 10 input)", "out": "(output)", "ans": "(output)", "sys": "ok", "time": 163, "mem": 8596803, "type": "Accepted", "score": 10}]', NULL, NULL),
       (32, '[{"id": 1, "in": "(test 1 input)", "out": "(output)", "ans": "(output)", "sys": "ok", "time": 138, "mem": 13787368, "type": "Accepted", "score": 10}, {"id": 2, "in": "(test 2 input)", "out": "(output)", "ans": "(output)", "sys": "ok", "time": 120, "mem": 15879251, "type": "Accepted", "score": 10}, {"id": 3, "in": "(test 3 input)", "out": "(output)", "ans": "(output)", "sys": "ok", "time": 81, "mem": 29886403, "type": "Accepted", "score": 10}, {"id": 4, "in": "(test 4 input)", "out": "(output)", "ans": "(output)", "sys": "ok", "time": 155, "mem": 15413141, "type": "Accepted", "score": 10}, {"id": 5, "in": "(test 5 input)", "out": "(output)", "ans": "(output)", "sys": "ok", "time": 83, "mem": 20104038, "type": "Accepted", "score": 10}, {"id": 6, "in": "(test 6 input)", "out": "(output)", "ans": "(output)", "sys": "ok", "time": 163, "mem": 3044993, "type": "Accepted", "score": 10}, {"id": 7, "in": "(test 7 input)", "out": "(output)", "ans": "(output)", "sys": "ok", "time": 161, "mem": 25857276, "type": "Accepted", "score": 10}, {"id": 8, "in": "(test 8 input)", "out": "(output)", "ans": "(output)", "sys": "ok", "time": 30, "mem": 26617210, "type": "Accepted", "score": 10}, {"id": 9, "in": "(test 9 input)", "out": "(output)", "ans": "(output)", "sys": "ok", "time": 58, "mem": 22012801, "type": "Accepted", "score": 10}, {"id": 10, "in": "(test 10 input)", "out": "(output)", "ans": "(output)", "sys": "ok", "time": 59, "mem": 9904050, "type": "Accepted", "score": 10}]', NULL, NULL),
       (33, '[{"id": 1, "in": "(test 1 input)", "out": "(output)", "ans": "(output)", "sys": "ok", "time": 174, "mem": 3748199, "type": "Accepted", "score": 10}, {"id": 2, "in": "(test 2 input)", "out": "(output)", "ans": "(output)", "sys": "ok", "time": 45, "mem": 9072539, "type": "Accepted", "score": 10}, {"id": 3, "in": "(test 3 input)", "out": "(output)", "ans": "(output)", "sys": "ok", "time": 49, "mem": 19545786, "type": "Accepted", "score": 10}, {"id": 4, "in": "(test 4 input)", "out": "(output)", "ans": "(output)", "sys": "ok", "time": 24, "mem": 6276363, "type": "Accepted", "score": 10}, {"id": 5, "in": "(test 5 input)", "out": "(output)", "ans": "(output)", "sys": "ok", "time": 5, "mem": 14731575, "type": "Accepted", "score": 10}, {"id": 6, "in": "(test 6 input)", "out": "(output)", "ans": "(output)", "sys": "ok", "time": 120, "mem": 24155456, "type": "Accepted", "score": 10}, {"id": 7, "in": "(test 7 input)", "out": "(output)", "ans": "(output)", "sys": "ok", "time": 157, "mem": 16791646, "type": "Accepted", "score": 10}, {"id": 8, "in": "(test 8 input)", "out": "(output)", "ans": "(output)", "sys": "ok", "time": 79, "mem": 2119211, "type": "Accepted", "score": 10}, {"id": 9, "in": "(test 9 input)", "out": "(output)", "ans": "(output)", "sys": "ok", "time": 64, "mem": 10691195, "type": "Accepted", "score": 10}, {"id": 10, "in": "(test 10 input)", "out": "(output)", "ans": "(output)", "sys": "ok", "time": 185, "mem": 10510454, "type": "Accepted", "score": 10}]', NULL, NULL),
       (34, '[{"id": 1, "in": "(test 1 input)", "out": "(output)", "ans": "(output)", "sys": "ok", "time": 23, "mem": 8856403, "type": "Accepted", "score": 10}, {"id": 2, "in": "(test 2 input)", "out": "(output)", "ans": "(output)", "sys": "ok", "time": 72, "mem": 20814054, "type": "Accepted", "score": 10}, {"id": 3, "in": "(test 3 input)", "out": "(output)", "ans": "(output)", "sys": "ok", "time": 55, "mem": 15289296, "type": "Accepted", "score": 10}, {"id": 4, "in": "(test 4 input)", "out": "(output)", "ans": "(output)", "sys": "ok", "time": 34, "mem": 19296481, "type": "Accepted", "score": 10}, {"id": 5, "in": "(test 5 input)", "out": "(output)", "ans": "(output)", "sys": "ok", "time": 62, "mem": 6023254, "type": "Accepted", "score": 10}, {"id": 6, "in": "(test 6 input)", "out": "(output)", "ans": "(output)", "sys": "ok", "time": 73, "mem": 5796657, "type": "Accepted", "score": 10}, {"id": 7, "in": "(test 7 input)", "out": "(output)", "ans": "(output)", "sys": "ok", "time": 23, "mem": 3025120, "type": "Accepted", "score": 10}, {"id": 8, "in": "(test 8 input)", "out": "(wrong)", "ans": "(expected)", "sys": "wrong answer: expected \'5\', got \'3\'", "time": 52, "mem": 11345739, "type": "WrongAnswer", "score": 0}, {"id": 9, "in": "(test 9 input)", "out": "", "ans": "", "sys": "skipped", "time": 0, "mem": 0, "type": "Skipped", "score": 0}, {"id": 10, "in": "(test 10 input)", "out": "", "ans": "", "sys": "skipped", "time": 0, "mem": 0, "type": "Skipped", "score": 0}]', NULL, NULL),
       (35, '[{"id": 1, "in": "(test 1 input)", "out": "(output)", "ans": "(output)", "sys": "ok", "time": 157, "mem": 26154850, "type": "Accepted", "score": 10}, {"id": 2, "in": "(test 2 input)", "out": "(output)", "ans": "(output)", "sys": "ok", "time": 150, "mem": 10708164, "type": "Accepted", "score": 10}, {"id": 3, "in": "(test 3 input)", "out": "(output)", "ans": "(output)", "sys": "ok", "time": 117, "mem": 5196616, "type": "Accepted", "score": 10}, {"id": 4, "in": "(test 4 input)", "out": "(output)", "ans": "(output)", "sys": "ok", "time": 124, "mem": 24132198, "type": "Accepted", "score": 10}, {"id": 5, "in": "(test 5 input)", "out": "(output)", "ans": "(output)", "sys": "ok", "time": 82, "mem": 24503166, "type": "Accepted", "score": 10}, {"id": 6, "in": "(test 6 input)", "out": "(output)", "ans": "(output)", "sys": "ok", "time": 108, "mem": 10159066, "type": "Accepted", "score": 10}, {"id": 7, "in": "(test 7 input)", "out": "(output)", "ans": "(output)", "sys": "ok", "time": 133, "mem": 19142774, "type": "Accepted", "score": 10}, {"id": 8, "in": "(test 8 input)", "out": "(output)", "ans": "(output)", "sys": "ok", "time": 131, "mem": 15712750, "type": "Accepted", "score": 10}, {"id": 9, "in": "(test 9 input)", "out": "(output)", "ans": "(output)", "sys": "ok", "time": 25, "mem": 21090780, "type": "Accepted", "score": 10}, {"id": 10, "in": "(test 10 input)", "out": "(output)", "ans": "(output)", "sys": "ok", "time": 15, "mem": 30868079, "type": "Accepted", "score": 10}]', NULL, NULL),
       (36, '[{"id": 1, "in": "(test 1 input)", "out": "(output)", "ans": "(output)", "sys": "ok", "time": 87, "mem": 9424952, "type": "Accepted", "score": 10}, {"id": 2, "in": "(test 2 input)", "out": "(output)", "ans": "(output)", "sys": "ok", "time": 11, "mem": 4088421, "type": "Accepted", "score": 10}, {"id": 3, "in": "(test 3 input)", "out": "(output)", "ans": "(output)", "sys": "ok", "time": 63, "mem": 20324479, "type": "Accepted", "score": 10}, {"id": 4, "in": "(test 4 input)", "out": "(output)", "ans": "(output)", "sys": "ok", "time": 10, "mem": 10067289, "type": "Accepted", "score": 10}, {"id": 5, "in": "(test 5 input)", "out": "(output)", "ans": "(output)", "sys": "ok", "time": 15, "mem": 6902425, "type": "Accepted", "score": 10}, {"id": 6, "in": "(test 6 input)", "out": "(output)", "ans": "(output)", "sys": "ok", "time": 125, "mem": 18437536, "type": "Accepted", "score": 10}, {"id": 7, "in": "(test 7 input)", "out": "", "ans": "(expected)", "sys": "memory limit exceeded", "time": 383, "mem": 268435456, "type": "MemoryLimitExceeded", "score": 0}, {"id": 8, "in": "(test 8 input)", "out": "", "ans": "", "sys": "skipped", "time": 0, "mem": 0, "type": "Skipped", "score": 0}, {"id": 9, "in": "(test 9 input)", "out": "", "ans": "", "sys": "skipped", "time": 0, "mem": 0, "type": "Skipped", "score": 0}, {"id": 10, "in": "(test 10 input)", "out": "", "ans": "", "sys": "skipped", "time": 0, "mem": 0, "type": "Skipped", "score": 0}]', NULL, NULL),
       (37, '[{"id": 1, "in": "(test 1 input)", "out": "(output)", "ans": "(output)", "sys": "ok", "time": 76, "mem": 7113765, "type": "Accepted", "score": 10}, {"id": 2, "in": "(test 2 input)", "out": "(output)", "ans": "(output)", "sys": "ok", "time": 116, "mem": 17523579, "type": "Accepted", "score": 10}, {"id": 3, "in": "(test 3 input)", "out": "(output)", "ans": "(output)", "sys": "ok", "time": 28, "mem": 16794931, "type": "Accepted", "score": 10}, {"id": 4, "in": "(test 4 input)", "out": "(output)", "ans": "(output)", "sys": "ok", "time": 94, "mem": 14725888, "type": "Accepted", "score": 10}, {"id": 5, "in": "(test 5 input)", "out": "(output)", "ans": "(output)", "sys": "ok", "time": 90, "mem": 11796927, "type": "Accepted", "score": 10}, {"id": 6, "in": "(test 6 input)", "out": "(output)", "ans": "(output)", "sys": "ok", "time": 31, "mem": 6420386, "type": "Accepted", "score": 10}, {"id": 7, "in": "(test 7 input)", "out": "(output)", "ans": "(output)", "sys": "ok", "time": 89, "mem": 14836517, "type": "Accepted", "score": 10}, {"id": 8, "in": "(test 8 input)", "out": "(wrong)", "ans": "(expected)", "sys": "wrong answer: expected \'5\', got \'3\'", "time": 187, "mem": 17649181, "type": "WrongAnswer", "score": 0}, {"id": 9, "in": "(test 9 input)", "out": "", "ans": "", "sys": "skipped", "time": 0, "mem": 0, "type": "Skipped", "score": 0}, {"id": 10, "in": "(test 10 input)", "out": "", "ans": "", "sys": "skipped", "time": 0, "mem": 0, "type": "Skipped", "score": 0}]', NULL, NULL),
       (38, '[{"id": 1, "in": "(test 1 input)", "out": "(output)", "ans": "(output)", "sys": "ok", "time": 78, "mem": 23256614, "type": "Accepted", "score": 10}, {"id": 2, "in": "(test 2 input)", "out": "(output)", "ans": "(output)", "sys": "ok", "time": 107, "mem": 28322746, "type": "Accepted", "score": 10}, {"id": 3, "in": "(test 3 input)", "out": "(output)", "ans": "(output)", "sys": "ok", "time": 199, "mem": 19482179, "type": "Accepted", "score": 10}, {"id": 4, "in": "(test 4 input)", "out": "(output)", "ans": "(output)", "sys": "ok", "time": 14, "mem": 16285425, "type": "Accepted", "score": 10}, {"id": 5, "in": "(test 5 input)", "out": "(output)", "ans": "(output)", "sys": "ok", "time": 27, "mem": 11577444, "type": "Accepted", "score": 10}, {"id": 6, "in": "(test 6 input)", "out": "(output)", "ans": "(output)", "sys": "ok", "time": 69, "mem": 11871268, "type": "Accepted", "score": 10}, {"id": 7, "in": "(test 7 input)", "out": "(output)", "ans": "(output)", "sys": "ok", "time": 34, "mem": 26946406, "type": "Accepted", "score": 10}, {"id": 8, "in": "(test 8 input)", "out": "(output)", "ans": "(output)", "sys": "ok", "time": 108, "mem": 30045583, "type": "Accepted", "score": 10}, {"id": 9, "in": "(test 9 input)", "out": "(output)", "ans": "(output)", "sys": "ok", "time": 136, "mem": 28703963, "type": "Accepted", "score": 10}, {"id": 10, "in": "(test 10 input)", "out": "(output)", "ans": "(output)", "sys": "ok", "time": 5, "mem": 23091420, "type": "Accepted", "score": 10}]', NULL, NULL),
       (39, '[{"id": 1, "in": "(test 1 input)", "out": "(output)", "ans": "(output)", "sys": "ok", "time": 143, "mem": 16525353, "type": "Accepted", "score": 10}, {"id": 2, "in": "(test 2 input)", "out": "(output)", "ans": "(output)", "sys": "ok", "time": 110, "mem": 2842787, "type": "Accepted", "score": 10}, {"id": 3, "in": "(test 3 input)", "out": "(output)", "ans": "(output)", "sys": "ok", "time": 53, "mem": 18419939, "type": "Accepted", "score": 10}, {"id": 4, "in": "(test 4 input)", "out": "(output)", "ans": "(output)", "sys": "ok", "time": 97, "mem": 21916125, "type": "Accepted", "score": 10}, {"id": 5, "in": "(test 5 input)", "out": "(output)", "ans": "(output)", "sys": "ok", "time": 198, "mem": 17750652, "type": "Accepted", "score": 10}, {"id": 6, "in": "(test 6 input)", "out": "(output)", "ans": "(output)", "sys": "ok", "time": 165, "mem": 15856433, "type": "Accepted", "score": 10}, {"id": 7, "in": "(test 7 input)", "out": "(output)", "ans": "(output)", "sys": "ok", "time": 199, "mem": 2755803, "type": "Accepted", "score": 10}, {"id": 8, "in": "(test 8 input)", "out": "(output)", "ans": "(output)", "sys": "ok", "time": 57, "mem": 9984920, "type": "Accepted", "score": 10}, {"id": 9, "in": "(test 9 input)", "out": "(output)", "ans": "(output)", "sys": "ok", "time": 145, "mem": 5420074, "type": "Accepted", "score": 10}, {"id": 10, "in": "(test 10 input)", "out": "(output)", "ans": "(output)", "sys": "ok", "time": 78, "mem": 15724736, "type": "Accepted", "score": 10}]', NULL, NULL),
       (40, '[{"id": 1, "in": "(test 1 input)", "out": "(output)", "ans": "(output)", "sys": "ok", "time": 183, "mem": 17288229, "type": "Accepted", "score": 10}, {"id": 2, "in": "(test 2 input)", "out": "(output)", "ans": "(output)", "sys": "ok", "time": 36, "mem": 1992697, "type": "Accepted", "score": 10}, {"id": 3, "in": "(test 3 input)", "out": "(output)", "ans": "(output)", "sys": "ok", "time": 166, "mem": 21454342, "type": "Accepted", "score": 10}, {"id": 4, "in": "(test 4 input)", "out": "(output)", "ans": "(output)", "sys": "ok", "time": 66, "mem": 24840359, "type": "Accepted", "score": 10}, {"id": 5, "in": "(test 5 input)", "out": "(output)", "ans": "(output)", "sys": "ok", "time": 45, "mem": 11451044, "type": "Accepted", "score": 10}, {"id": 6, "in": "(test 6 input)", "out": "(output)", "ans": "(output)", "sys": "ok", "time": 146, "mem": 1482838, "type": "Accepted", "score": 10}, {"id": 7, "in": "(test 7 input)", "out": "(output)", "ans": "(output)", "sys": "ok", "time": 146, "mem": 14713895, "type": "Accepted", "score": 10}, {"id": 8, "in": "(test 8 input)", "out": "(output)", "ans": "(output)", "sys": "ok", "time": 28, "mem": 8563702, "type": "Accepted", "score": 10}, {"id": 9, "in": "(test 9 input)", "out": "(output)", "ans": "(output)", "sys": "ok", "time": 34, "mem": 16507621, "type": "Accepted", "score": 10}, {"id": 10, "in": "(test 10 input)", "out": "(output)", "ans": "(output)", "sys": "ok", "time": 35, "mem": 22757530, "type": "Accepted", "score": 10}]', NULL, NULL),
       (41, '[{"id": 1, "in": "(test 1 input)", "out": "(output)", "ans": "(output)", "sys": "ok", "time": 132, "mem": 10817248, "type": "Accepted", "score": 10}, {"id": 2, "in": "(test 2 input)", "out": "(output)", "ans": "(output)", "sys": "ok", "time": 135, "mem": 10198617, "type": "Accepted", "score": 10}, {"id": 3, "in": "(test 3 input)", "out": "", "ans": "(expected)", "sys": "time limit exceeded", "time": 1000, "mem": 14965542, "type": "TimeLimitExceeded", "score": 0}, {"id": 4, "in": "(test 4 input)", "out": "", "ans": "", "sys": "skipped", "time": 0, "mem": 0, "type": "Skipped", "score": 0}, {"id": 5, "in": "(test 5 input)", "out": "", "ans": "", "sys": "skipped", "time": 0, "mem": 0, "type": "Skipped", "score": 0}, {"id": 6, "in": "(test 6 input)", "out": "", "ans": "", "sys": "skipped", "time": 0, "mem": 0, "type": "Skipped", "score": 0}, {"id": 7, "in": "(test 7 input)", "out": "", "ans": "", "sys": "skipped", "time": 0, "mem": 0, "type": "Skipped", "score": 0}, {"id": 8, "in": "(test 8 input)", "out": "", "ans": "", "sys": "skipped", "time": 0, "mem": 0, "type": "Skipped", "score": 0}, {"id": 9, "in": "(test 9 input)", "out": "", "ans": "", "sys": "skipped", "time": 0, "mem": 0, "type": "Skipped", "score": 0}, {"id": 10, "in": "(test 10 input)", "out": "", "ans": "", "sys": "skipped", "time": 0, "mem": 0, "type": "Skipped", "score": 0}]', NULL, NULL),
       (42, '[{"id": 1, "in": "(test 1 input)", "out": "(output)", "ans": "(output)", "sys": "ok", "time": 128, "mem": 16869066, "type": "Accepted", "score": 10}, {"id": 2, "in": "(test 2 input)", "out": "(output)", "ans": "(output)", "sys": "ok", "time": 67, "mem": 16351210, "type": "Accepted", "score": 10}, {"id": 3, "in": "(test 3 input)", "out": "(output)", "ans": "(output)", "sys": "ok", "time": 146, "mem": 5877379, "type": "Accepted", "score": 10}, {"id": 4, "in": "(test 4 input)", "out": "(output)", "ans": "(output)", "sys": "ok", "time": 103, "mem": 7419822, "type": "Accepted", "score": 10}, {"id": 5, "in": "(test 5 input)", "out": "(output)", "ans": "(output)", "sys": "ok", "time": 158, "mem": 18077734, "type": "Accepted", "score": 10}, {"id": 6, "in": "(test 6 input)", "out": "(output)", "ans": "(output)", "sys": "ok", "time": 196, "mem": 30529293, "type": "Accepted", "score": 10}, {"id": 7, "in": "(test 7 input)", "out": "(output)", "ans": "(output)", "sys": "ok", "time": 39, "mem": 30015933, "type": "Accepted", "score": 10}, {"id": 8, "in": "(test 8 input)", "out": "(output)", "ans": "(output)", "sys": "ok", "time": 22, "mem": 10293324, "type": "Accepted", "score": 10}, {"id": 9, "in": "(test 9 input)", "out": "(output)", "ans": "(output)", "sys": "ok", "time": 111, "mem": 12428320, "type": "Accepted", "score": 10}, {"id": 10, "in": "(test 10 input)", "out": "(output)", "ans": "(output)", "sys": "ok", "time": 134, "mem": 9988826, "type": "Accepted", "score": 10}]', NULL, NULL),
       (43, '[{"id": 1, "in": "(test 1 input)", "out": "(wrong)", "ans": "(expected)", "sys": "wrong answer: expected \'5\', got \'3\'", "time": 82, "mem": 11041871, "type": "WrongAnswer", "score": 0}, {"id": 2, "in": "(test 2 input)", "out": "", "ans": "", "sys": "skipped", "time": 0, "mem": 0, "type": "Skipped", "score": 0}, {"id": 3, "in": "(test 3 input)", "out": "", "ans": "", "sys": "skipped", "time": 0, "mem": 0, "type": "Skipped", "score": 0}, {"id": 4, "in": "(test 4 input)", "out": "", "ans": "", "sys": "skipped", "time": 0, "mem": 0, "type": "Skipped", "score": 0}, {"id": 5, "in": "(test 5 input)", "out": "", "ans": "", "sys": "skipped", "time": 0, "mem": 0, "type": "Skipped", "score": 0}, {"id": 6, "in": "(test 6 input)", "out": "", "ans": "", "sys": "skipped", "time": 0, "mem": 0, "type": "Skipped", "score": 0}, {"id": 7, "in": "(test 7 input)", "out": "", "ans": "", "sys": "skipped", "time": 0, "mem": 0, "type": "Skipped", "score": 0}, {"id": 8, "in": "(test 8 input)", "out": "", "ans": "", "sys": "skipped", "time": 0, "mem": 0, "type": "Skipped", "score": 0}, {"id": 9, "in": "(test 9 input)", "out": "", "ans": "", "sys": "skipped", "time": 0, "mem": 0, "type": "Skipped", "score": 0}, {"id": 10, "in": "(test 10 input)", "out": "", "ans": "", "sys": "skipped", "time": 0, "mem": 0, "type": "Skipped", "score": 0}]', NULL, NULL),
       (44, '[{"id": 1, "in": "(test 1 input)", "out": "(output)", "ans": "(output)", "sys": "ok", "time": 155, "mem": 20482999, "type": "Accepted", "score": 10}, {"id": 2, "in": "(test 2 input)", "out": "(output)", "ans": "(output)", "sys": "ok", "time": 173, "mem": 17453603, "type": "Accepted", "score": 10}, {"id": 3, "in": "(test 3 input)", "out": "(output)", "ans": "(output)", "sys": "ok", "time": 43, "mem": 16007644, "type": "Accepted", "score": 10}, {"id": 4, "in": "(test 4 input)", "out": "(output)", "ans": "(output)", "sys": "ok", "time": 142, "mem": 17275800, "type": "Accepted", "score": 10}, {"id": 5, "in": "(test 5 input)", "out": "(output)", "ans": "(output)", "sys": "ok", "time": 93, "mem": 12178833, "type": "Accepted", "score": 10}, {"id": 6, "in": "(test 6 input)", "out": "(output)", "ans": "(output)", "sys": "ok", "time": 146, "mem": 26621759, "type": "Accepted", "score": 10}, {"id": 7, "in": "(test 7 input)", "out": "(output)", "ans": "(output)", "sys": "ok", "time": 144, "mem": 13681069, "type": "Accepted", "score": 10}, {"id": 8, "in": "(test 8 input)", "out": "(output)", "ans": "(output)", "sys": "ok", "time": 121, "mem": 11821056, "type": "Accepted", "score": 10}, {"id": 9, "in": "(test 9 input)", "out": "(output)", "ans": "(output)", "sys": "ok", "time": 53, "mem": 24428163, "type": "Accepted", "score": 10}, {"id": 10, "in": "(test 10 input)", "out": "(output)", "ans": "(output)", "sys": "ok", "time": 66, "mem": 20210345, "type": "Accepted", "score": 10}]', NULL, NULL),
       (45, '[{"id": 1, "in": "(test 1 input)", "out": "(output)", "ans": "(output)", "sys": "ok", "time": 64, "mem": 14807325, "type": "Accepted", "score": 10}, {"id": 2, "in": "(test 2 input)", "out": "(output)", "ans": "(output)", "sys": "ok", "time": 16, "mem": 11700225, "type": "Accepted", "score": 10}, {"id": 3, "in": "(test 3 input)", "out": "(output)", "ans": "(output)", "sys": "ok", "time": 126, "mem": 13815994, "type": "Accepted", "score": 10}, {"id": 4, "in": "(test 4 input)", "out": "(output)", "ans": "(output)", "sys": "ok", "time": 103, "mem": 6127807, "type": "Accepted", "score": 10}, {"id": 5, "in": "(test 5 input)", "out": "(output)", "ans": "(output)", "sys": "ok", "time": 131, "mem": 2266172, "type": "Accepted", "score": 10}, {"id": 6, "in": "(test 6 input)", "out": "(output)", "ans": "(output)", "sys": "ok", "time": 37, "mem": 17878094, "type": "Accepted", "score": 10}, {"id": 7, "in": "(test 7 input)", "out": "", "ans": "(expected)", "sys": "runtime error: segmentation fault", "time": 38, "mem": 6593946, "type": "RuntimeError", "score": 0}, {"id": 8, "in": "(test 8 input)", "out": "", "ans": "", "sys": "skipped", "time": 0, "mem": 0, "type": "Skipped", "score": 0}, {"id": 9, "in": "(test 9 input)", "out": "", "ans": "", "sys": "skipped", "time": 0, "mem": 0, "type": "Skipped", "score": 0}, {"id": 10, "in": "(test 10 input)", "out": "", "ans": "", "sys": "skipped", "time": 0, "mem": 0, "type": "Skipped", "score": 0}]', NULL, 'Segmentation fault (core dumped)'),
       (46, '[{"id": 1, "in": "(test 1 input)", "out": "(output)", "ans": "(output)", "sys": "ok", "time": 30, "mem": 30356961, "type": "Accepted", "score": 10}, {"id": 2, "in": "(test 2 input)", "out": "(output)", "ans": "(output)", "sys": "ok", "time": 117, "mem": 4369769, "type": "Accepted", "score": 10}, {"id": 3, "in": "(test 3 input)", "out": "(output)", "ans": "(output)", "sys": "ok", "time": 139, "mem": 16355962, "type": "Accepted", "score": 10}, {"id": 4, "in": "(test 4 input)", "out": "(output)", "ans": "(output)", "sys": "ok", "time": 8, "mem": 25265192, "type": "Accepted", "score": 10}, {"id": 5, "in": "(test 5 input)", "out": "(output)", "ans": "(output)", "sys": "ok", "time": 41, "mem": 14780599, "type": "Accepted", "score": 10}, {"id": 6, "in": "(test 6 input)", "out": "(output)", "ans": "(output)", "sys": "ok", "time": 172, "mem": 6203503, "type": "Accepted", "score": 10}, {"id": 7, "in": "(test 7 input)", "out": "(output)", "ans": "(output)", "sys": "ok", "time": 24, "mem": 16777490, "type": "Accepted", "score": 10}, {"id": 8, "in": "(test 8 input)", "out": "(output)", "ans": "(output)", "sys": "ok", "time": 72, "mem": 12384229, "type": "Accepted", "score": 10}, {"id": 9, "in": "(test 9 input)", "out": "(output)", "ans": "(output)", "sys": "ok", "time": 164, "mem": 24267309, "type": "Accepted", "score": 10}, {"id": 10, "in": "(test 10 input)", "out": "(output)", "ans": "(output)", "sys": "ok", "time": 106, "mem": 22828899, "type": "Accepted", "score": 10}]', NULL, NULL),
       (47, '[{"id": 1, "in": "(test 1 input)", "out": "(output)", "ans": "(output)", "sys": "ok", "time": 89, "mem": 18929393, "type": "Accepted", "score": 10}, {"id": 2, "in": "(test 2 input)", "out": "(wrong)", "ans": "(expected)", "sys": "wrong answer: expected \'5\', got \'3\'", "time": 107, "mem": 11649385, "type": "WrongAnswer", "score": 0}, {"id": 3, "in": "(test 3 input)", "out": "", "ans": "", "sys": "skipped", "time": 0, "mem": 0, "type": "Skipped", "score": 0}, {"id": 4, "in": "(test 4 input)", "out": "", "ans": "", "sys": "skipped", "time": 0, "mem": 0, "type": "Skipped", "score": 0}, {"id": 5, "in": "(test 5 input)", "out": "", "ans": "", "sys": "skipped", "time": 0, "mem": 0, "type": "Skipped", "score": 0}, {"id": 6, "in": "(test 6 input)", "out": "", "ans": "", "sys": "skipped", "time": 0, "mem": 0, "type": "Skipped", "score": 0}, {"id": 7, "in": "(test 7 input)", "out": "", "ans": "", "sys": "skipped", "time": 0, "mem": 0, "type": "Skipped", "score": 0}, {"id": 8, "in": "(test 8 input)", "out": "", "ans": "", "sys": "skipped", "time": 0, "mem": 0, "type": "Skipped", "score": 0}, {"id": 9, "in": "(test 9 input)", "out": "", "ans": "", "sys": "skipped", "time": 0, "mem": 0, "type": "Skipped", "score": 0}, {"id": 10, "in": "(test 10 input)", "out": "", "ans": "", "sys": "skipped", "time": 0, "mem": 0, "type": "Skipped", "score": 0}]', NULL, NULL),
       (48, '[{"id": 1, "in": "(test 1 input)", "out": "(output)", "ans": "(output)", "sys": "ok", "time": 143, "mem": 2228573, "type": "Accepted", "score": 10}, {"id": 2, "in": "(test 2 input)", "out": "(output)", "ans": "(output)", "sys": "ok", "time": 22, "mem": 8901582, "type": "Accepted", "score": 10}, {"id": 3, "in": "(test 3 input)", "out": "(output)", "ans": "(output)", "sys": "ok", "time": 78, "mem": 8657172, "type": "Accepted", "score": 10}, {"id": 4, "in": "(test 4 input)", "out": "(output)", "ans": "(output)", "sys": "ok", "time": 28, "mem": 15585666, "type": "Accepted", "score": 10}, {"id": 5, "in": "(test 5 input)", "out": "(output)", "ans": "(output)", "sys": "ok", "time": 30, "mem": 4396463, "type": "Accepted", "score": 10}, {"id": 6, "in": "(test 6 input)", "out": "(output)", "ans": "(output)", "sys": "ok", "time": 118, "mem": 6606275, "type": "Accepted", "score": 10}, {"id": 7, "in": "(test 7 input)", "out": "(output)", "ans": "(output)", "sys": "ok", "time": 81, "mem": 1995308, "type": "Accepted", "score": 10}, {"id": 8, "in": "(test 8 input)", "out": "", "ans": "(expected)", "sys": "time limit exceeded", "time": 1000, "mem": 2567200, "type": "TimeLimitExceeded", "score": 0}, {"id": 9, "in": "(test 9 input)", "out": "", "ans": "", "sys": "skipped", "time": 0, "mem": 0, "type": "Skipped", "score": 0}, {"id": 10, "in": "(test 10 input)", "out": "", "ans": "", "sys": "skipped", "time": 0, "mem": 0, "type": "Skipped", "score": 0}]', NULL, NULL),
       (49, '[{"id": 1, "in": "(test 1 input)", "out": "(output)", "ans": "(output)", "sys": "ok", "time": 88, "mem": 27738141, "type": "Accepted", "score": 10}, {"id": 2, "in": "(test 2 input)", "out": "(output)", "ans": "(output)", "sys": "ok", "time": 19, "mem": 10867789, "type": "Accepted", "score": 10}, {"id": 3, "in": "(test 3 input)", "out": "(output)", "ans": "(output)", "sys": "ok", "time": 96, "mem": 13601579, "type": "Accepted", "score": 10}, {"id": 4, "in": "(test 4 input)", "out": "(output)", "ans": "(output)", "sys": "ok", "time": 115, "mem": 5908511, "type": "Accepted", "score": 10}, {"id": 5, "in": "(test 5 input)", "out": "(output)", "ans": "(output)", "sys": "ok", "time": 67, "mem": 18846984, "type": "Accepted", "score": 10}, {"id": 6, "in": "(test 6 input)", "out": "(output)", "ans": "(output)", "sys": "ok", "time": 110, "mem": 20013394, "type": "Accepted", "score": 10}, {"id": 7, "in": "(test 7 input)", "out": "(output)", "ans": "(output)", "sys": "ok", "time": 179, "mem": 27616540, "type": "Accepted", "score": 10}, {"id": 8, "in": "(test 8 input)", "out": "(output)", "ans": "(output)", "sys": "ok", "time": 51, "mem": 6727704, "type": "Accepted", "score": 10}, {"id": 9, "in": "(test 9 input)", "out": "(output)", "ans": "(output)", "sys": "ok", "time": 49, "mem": 3673738, "type": "Accepted", "score": 10}, {"id": 10, "in": "(test 10 input)", "out": "(output)", "ans": "(output)", "sys": "ok", "time": 161, "mem": 30244528, "type": "Accepted", "score": 10}]', NULL, NULL),
       (50, '[{"id": 1, "in": "(test 1 input)", "out": "(output)", "ans": "(output)", "sys": "ok", "time": 66, "mem": 17722941, "type": "Accepted", "score": 10}, {"id": 2, "in": "(test 2 input)", "out": "(output)", "ans": "(output)", "sys": "ok", "time": 41, "mem": 8814951, "type": "Accepted", "score": 10}, {"id": 3, "in": "(test 3 input)", "out": "(output)", "ans": "(output)", "sys": "ok", "time": 123, "mem": 9546065, "type": "Accepted", "score": 10}, {"id": 4, "in": "(test 4 input)", "out": "(output)", "ans": "(output)", "sys": "ok", "time": 122, "mem": 9591342, "type": "Accepted", "score": 10}, {"id": 5, "in": "(test 5 input)", "out": "(output)", "ans": "(output)", "sys": "ok", "time": 7, "mem": 16635308, "type": "Accepted", "score": 10}, {"id": 6, "in": "(test 6 input)", "out": "(output)", "ans": "(output)", "sys": "ok", "time": 78, "mem": 19364790, "type": "Accepted", "score": 10}, {"id": 7, "in": "(test 7 input)", "out": "(wrong)", "ans": "(expected)", "sys": "wrong answer: expected \'5\', got \'3\'", "time": 50, "mem": 3502394, "type": "WrongAnswer", "score": 0}, {"id": 8, "in": "(test 8 input)", "out": "", "ans": "", "sys": "skipped", "time": 0, "mem": 0, "type": "Skipped", "score": 0}, {"id": 9, "in": "(test 9 input)", "out": "", "ans": "", "sys": "skipped", "time": 0, "mem": 0, "type": "Skipped", "score": 0}, {"id": 10, "in": "(test 10 input)", "out": "", "ans": "", "sys": "skipped", "time": 0, "mem": 0, "type": "Skipped", "score": 0}]', NULL, NULL),
       (51, '[{"id": 1, "in": "(test 1 input)", "out": "(output)", "ans": "(output)", "sys": "ok", "time": 118, "mem": 12619258, "type": "Accepted", "score": 10}, {"id": 2, "in": "(test 2 input)", "out": "(output)", "ans": "(output)", "sys": "ok", "time": 155, "mem": 11061950, "type": "Accepted", "score": 10}, {"id": 3, "in": "(test 3 input)", "out": "(output)", "ans": "(output)", "sys": "ok", "time": 168, "mem": 15261445, "type": "Accepted", "score": 10}, {"id": 4, "in": "(test 4 input)", "out": "(output)", "ans": "(output)", "sys": "ok", "time": 181, "mem": 9415903, "type": "Accepted", "score": 10}, {"id": 5, "in": "(test 5 input)", "out": "(output)", "ans": "(output)", "sys": "ok", "time": 121, "mem": 29387693, "type": "Accepted", "score": 10}, {"id": 6, "in": "(test 6 input)", "out": "(output)", "ans": "(output)", "sys": "ok", "time": 82, "mem": 7708613, "type": "Accepted", "score": 10}, {"id": 7, "in": "(test 7 input)", "out": "(output)", "ans": "(output)", "sys": "ok", "time": 103, "mem": 29657186, "type": "Accepted", "score": 10}, {"id": 8, "in": "(test 8 input)", "out": "(output)", "ans": "(output)", "sys": "ok", "time": 128, "mem": 4602689, "type": "Accepted", "score": 10}, {"id": 9, "in": "(test 9 input)", "out": "(output)", "ans": "(output)", "sys": "ok", "time": 65, "mem": 13820462, "type": "Accepted", "score": 10}, {"id": 10, "in": "(test 10 input)", "out": "(output)", "ans": "(output)", "sys": "ok", "time": 151, "mem": 13068670, "type": "Accepted", "score": 10}]', NULL, NULL),
       (52, '[{"id": 1, "in": "(test 1 input)", "out": "(output)", "ans": "(output)", "sys": "ok", "time": 80, "mem": 10930300, "type": "Accepted", "score": 10}, {"id": 2, "in": "(test 2 input)", "out": "(output)", "ans": "(output)", "sys": "ok", "time": 10, "mem": 14305036, "type": "Accepted", "score": 10}, {"id": 3, "in": "(test 3 input)", "out": "(output)", "ans": "(output)", "sys": "ok", "time": 75, "mem": 1295722, "type": "Accepted", "score": 10}, {"id": 4, "in": "(test 4 input)", "out": "(output)", "ans": "(output)", "sys": "ok", "time": 149, "mem": 2669651, "type": "Accepted", "score": 10}, {"id": 5, "in": "(test 5 input)", "out": "(output)", "ans": "(output)", "sys": "ok", "time": 132, "mem": 10627082, "type": "Accepted", "score": 10}, {"id": 6, "in": "(test 6 input)", "out": "(output)", "ans": "(output)", "sys": "ok", "time": 63, "mem": 12845929, "type": "Accepted", "score": 10}, {"id": 7, "in": "(test 7 input)", "out": "(output)", "ans": "(output)", "sys": "ok", "time": 61, "mem": 7403770, "type": "Accepted", "score": 10}, {"id": 8, "in": "(test 8 input)", "out": "(output)", "ans": "(output)", "sys": "ok", "time": 69, "mem": 5613549, "type": "Accepted", "score": 10}, {"id": 9, "in": "(test 9 input)", "out": "(output)", "ans": "(output)", "sys": "ok", "time": 29, "mem": 2346802, "type": "Accepted", "score": 10}, {"id": 10, "in": "(test 10 input)", "out": "", "ans": "(expected)", "sys": "runtime error: segmentation fault", "time": 20, "mem": 8419785, "type": "RuntimeError", "score": 0}]', NULL, 'Segmentation fault (core dumped)'),
       (53, '[{"id": 1, "in": "(test 1 input)", "out": "", "ans": "(expected)", "sys": "memory limit exceeded", "time": 346, "mem": 268435456, "type": "MemoryLimitExceeded", "score": 0}, {"id": 2, "in": "(test 2 input)", "out": "", "ans": "", "sys": "skipped", "time": 0, "mem": 0, "type": "Skipped", "score": 0}, {"id": 3, "in": "(test 3 input)", "out": "", "ans": "", "sys": "skipped", "time": 0, "mem": 0, "type": "Skipped", "score": 0}, {"id": 4, "in": "(test 4 input)", "out": "", "ans": "", "sys": "skipped", "time": 0, "mem": 0, "type": "Skipped", "score": 0}, {"id": 5, "in": "(test 5 input)", "out": "", "ans": "", "sys": "skipped", "time": 0, "mem": 0, "type": "Skipped", "score": 0}, {"id": 6, "in": "(test 6 input)", "out": "", "ans": "", "sys": "skipped", "time": 0, "mem": 0, "type": "Skipped", "score": 0}, {"id": 7, "in": "(test 7 input)", "out": "", "ans": "", "sys": "skipped", "time": 0, "mem": 0, "type": "Skipped", "score": 0}, {"id": 8, "in": "(test 8 input)", "out": "", "ans": "", "sys": "skipped", "time": 0, "mem": 0, "type": "Skipped", "score": 0}, {"id": 9, "in": "(test 9 input)", "out": "", "ans": "", "sys": "skipped", "time": 0, "mem": 0, "type": "Skipped", "score": 0}, {"id": 10, "in": "(test 10 input)", "out": "", "ans": "", "sys": "skipped", "time": 0, "mem": 0, "type": "Skipped", "score": 0}]', NULL, NULL),
       (54, '[{"id": 1, "in": "(test 1 input)", "out": "(output)", "ans": "(output)", "sys": "ok", "time": 38, "mem": 4048374, "type": "Accepted", "score": 10}, {"id": 2, "in": "(test 2 input)", "out": "(output)", "ans": "(output)", "sys": "ok", "time": 80, "mem": 11986874, "type": "Accepted", "score": 10}, {"id": 3, "in": "(test 3 input)", "out": "(output)", "ans": "(output)", "sys": "ok", "time": 111, "mem": 6917502, "type": "Accepted", "score": 10}, {"id": 4, "in": "(test 4 input)", "out": "(output)", "ans": "(output)", "sys": "ok", "time": 56, "mem": 5458546, "type": "Accepted", "score": 10}, {"id": 5, "in": "(test 5 input)", "out": "(output)", "ans": "(output)", "sys": "ok", "time": 143, "mem": 13300141, "type": "Accepted", "score": 10}, {"id": 6, "in": "(test 6 input)", "out": "(wrong)", "ans": "(expected)", "sys": "wrong answer: expected \'5\', got \'3\'", "time": 145, "mem": 17861438, "type": "WrongAnswer", "score": 0}, {"id": 7, "in": "(test 7 input)", "out": "", "ans": "", "sys": "skipped", "time": 0, "mem": 0, "type": "Skipped", "score": 0}, {"id": 8, "in": "(test 8 input)", "out": "", "ans": "", "sys": "skipped", "time": 0, "mem": 0, "type": "Skipped", "score": 0}, {"id": 9, "in": "(test 9 input)", "out": "", "ans": "", "sys": "skipped", "time": 0, "mem": 0, "type": "Skipped", "score": 0}, {"id": 10, "in": "(test 10 input)", "out": "", "ans": "", "sys": "skipped", "time": 0, "mem": 0, "type": "Skipped", "score": 0}]', NULL, NULL),
       (55, '[{"id": 1, "in": "(test 1 input)", "out": "(output)", "ans": "(output)", "sys": "ok", "time": 74, "mem": 28890037, "type": "Accepted", "score": 10}, {"id": 2, "in": "(test 2 input)", "out": "(output)", "ans": "(output)", "sys": "ok", "time": 47, "mem": 9646485, "type": "Accepted", "score": 10}, {"id": 3, "in": "(test 3 input)", "out": "(output)", "ans": "(output)", "sys": "ok", "time": 128, "mem": 28085263, "type": "Accepted", "score": 10}, {"id": 4, "in": "(test 4 input)", "out": "(output)", "ans": "(output)", "sys": "ok", "time": 80, "mem": 26074374, "type": "Accepted", "score": 10}, {"id": 5, "in": "(test 5 input)", "out": "(output)", "ans": "(output)", "sys": "ok", "time": 91, "mem": 28009566, "type": "Accepted", "score": 10}, {"id": 6, "in": "(test 6 input)", "out": "(output)", "ans": "(output)", "sys": "ok", "time": 34, "mem": 16738593, "type": "Accepted", "score": 10}, {"id": 7, "in": "(test 7 input)", "out": "(output)", "ans": "(output)", "sys": "ok", "time": 24, "mem": 5747021, "type": "Accepted", "score": 10}, {"id": 8, "in": "(test 8 input)", "out": "(output)", "ans": "(output)", "sys": "ok", "time": 198, "mem": 8594372, "type": "Accepted", "score": 10}, {"id": 9, "in": "(test 9 input)", "out": "(output)", "ans": "(output)", "sys": "ok", "time": 178, "mem": 25324680, "type": "Accepted", "score": 10}, {"id": 10, "in": "(test 10 input)", "out": "(output)", "ans": "(output)", "sys": "ok", "time": 177, "mem": 14358916, "type": "Accepted", "score": 10}]', NULL, NULL),
       (56, '[{"id": 1, "in": "(test 1 input)", "out": "(output)", "ans": "(output)", "sys": "ok", "time": 98, "mem": 4054061, "type": "Accepted", "score": 10}, {"id": 2, "in": "(test 2 input)", "out": "(output)", "ans": "(output)", "sys": "ok", "time": 106, "mem": 1491032, "type": "Accepted", "score": 10}, {"id": 3, "in": "(test 3 input)", "out": "(output)", "ans": "(output)", "sys": "ok", "time": 72, "mem": 19028379, "type": "Accepted", "score": 10}, {"id": 4, "in": "(test 4 input)", "out": "(output)", "ans": "(output)", "sys": "ok", "time": 36, "mem": 16284086, "type": "Accepted", "score": 10}, {"id": 5, "in": "(test 5 input)", "out": "(output)", "ans": "(output)", "sys": "ok", "time": 99, "mem": 9820677, "type": "Accepted", "score": 10}, {"id": 6, "in": "(test 6 input)", "out": "(output)", "ans": "(output)", "sys": "ok", "time": 102, "mem": 13488587, "type": "Accepted", "score": 10}, {"id": 7, "in": "(test 7 input)", "out": "(output)", "ans": "(output)", "sys": "ok", "time": 32, "mem": 8869761, "type": "Accepted", "score": 10}, {"id": 8, "in": "(test 8 input)", "out": "(output)", "ans": "(output)", "sys": "ok", "time": 125, "mem": 1863687, "type": "Accepted", "score": 10}, {"id": 9, "in": "(test 9 input)", "out": "", "ans": "(expected)", "sys": "time limit exceeded", "time": 1000, "mem": 19861705, "type": "TimeLimitExceeded", "score": 0}, {"id": 10, "in": "(test 10 input)", "out": "", "ans": "", "sys": "skipped", "time": 0, "mem": 0, "type": "Skipped", "score": 0}]', NULL, NULL),
       (57, '[{"id": 1, "in": "(test 1 input)", "out": "(output)", "ans": "(output)", "sys": "ok", "time": 61, "mem": 3145211, "type": "Accepted", "score": 10}, {"id": 2, "in": "(test 2 input)", "out": "(output)", "ans": "(output)", "sys": "ok", "time": 123, "mem": 11163819, "type": "Accepted", "score": 10}, {"id": 3, "in": "(test 3 input)", "out": "(output)", "ans": "(output)", "sys": "ok", "time": 109, "mem": 4938994, "type": "Accepted", "score": 10}, {"id": 4, "in": "(test 4 input)", "out": "(output)", "ans": "(output)", "sys": "ok", "time": 40, "mem": 2545586, "type": "Accepted", "score": 10}, {"id": 5, "in": "(test 5 input)", "out": "(output)", "ans": "(output)", "sys": "ok", "time": 14, "mem": 11236780, "type": "Accepted", "score": 10}, {"id": 6, "in": "(test 6 input)", "out": "(wrong)", "ans": "(expected)", "sys": "wrong answer: expected \'5\', got \'3\'", "time": 136, "mem": 4920356, "type": "WrongAnswer", "score": 0}, {"id": 7, "in": "(test 7 input)", "out": "", "ans": "", "sys": "skipped", "time": 0, "mem": 0, "type": "Skipped", "score": 0}, {"id": 8, "in": "(test 8 input)", "out": "", "ans": "", "sys": "skipped", "time": 0, "mem": 0, "type": "Skipped", "score": 0}, {"id": 9, "in": "(test 9 input)", "out": "", "ans": "", "sys": "skipped", "time": 0, "mem": 0, "type": "Skipped", "score": 0}, {"id": 10, "in": "(test 10 input)", "out": "", "ans": "", "sys": "skipped", "time": 0, "mem": 0, "type": "Skipped", "score": 0}]', NULL, NULL);

-- 比赛提交关联
INSERT INTO `contest_submission` (id, contest_id, submission_id, is_del)
VALUES
       (1, 1, 1, 0),
       (2, 1, 2, 0),
       (3, 1, 3, 0),
       (4, 1, 4, 0),
       (5, 1, 5, 0),
       (6, 1, 6, 0),
       (7, 1, 11, 0),
       (8, 1, 12, 0),
       (9, 1, 13, 0),
       (10, 1, 17, 0),
       (11, 2, 22, 0),
       (12, 2, 23, 0),
       (13, 2, 24, 0),
       (14, 2, 26, 0),
       (15, 2, 27, 0),
       (16, 2, 29, 0),
       (17, 2, 30, 0),
       (18, 2, 31, 0),
       (19, 2, 37, 0),
       (20, 2, 38, 0);

SET FOREIGN_KEY_CHECKS = 1;
